"","Lon","Lat","FishNASC"
"1433",-4.77219167,55.97672,12.472808
"1434",-4.78735964,55.9736334,0
"1435",-4.80245305,55.97044675,0
"1436",-4.8171699,55.96717867,0
"1437",-4.83283059,55.96471176,17.335376
"1438",-4.84792,55.96195667,0
"1439",-4.86319943,55.95911798,7.688627
"1440",-4.87838077,55.95626398,31.047286
"1441",-4.89362173,55.9533715,321.564407
"1442",-4.90900167,55.95053167,192.15687
"1443",-4.91496036,55.94399524,27.209901
"1444",-4.91089036,55.93540164,251.007678
"1445",-4.90667009,55.92669403,37.381457
"1446",-4.902555,55.91792833,770.810487
"1447",-4.91035647,55.91149805,2134.489268
"1448",-4.92452723,55.90740957,999.368536
"1449",-4.93772,55.902135,532.878522
"1450",-4.94137557,55.89642477,57.923209
"1451",-4.92620407,55.8933312,77.910211
"1452",-4.91181698,55.88939141,199.760725
"1453",-4.898845,55.88459,8.216195
"1454",-4.91248121,55.88121682,50.202939
"1455",-4.92761526,55.8786363,83.169204
"1456",-4.94240824,55.87507296,67.585359
"1457",-4.95724837,55.87150279,0
"1458",-4.96337877,55.86613822,52.672361
"1459",-4.95004852,55.86109832,0
"1460",-4.93500833,55.85820833,0
"1461",-4.91910333,55.85747,158.05523
"1462",-4.90307383,55.8567237,47.568763
"1463",-4.90057522,55.8538157,126.479125
"1464",-4.91613333,55.85140167,33.694936
"1465",-4.93135379,55.84878227,0
"1466",-4.94651782,55.84611775,363.844842
"1467",-4.96181473,55.84312947,44.755446
"1468",-4.97751167,55.84165333,191.351611
"1469",-4.99350587,55.84079093,90.92087
"1470",-5.00935515,55.83898902,17.197861
"1471",-5.00789732,55.83543761,197.673398
"1472",-4.992025,55.83425167,65.927244
"1473",-4.97611139,55.83306062,102.352237
"1474",-4.96065615,55.83091782,45.161639
"1475",-4.94477115,55.82973465,7.606108
"1476",-4.92886135,55.82869245,153.110927
"1477",-4.9129879,55.82754976,134.744564
"1478",-4.89725667,55.82577333,31.724301
"1479",-4.90332182,55.82252771,168.559026
"1480",-4.91909549,55.82094881,87.685702
"1481",-4.93469775,55.81929373,3.203
"1482",-4.95033352,55.81699346,0
"1483",-4.96582031,55.81479127,39.483937
"1484",-4.98134035,55.81244849,1540.07987
"1485",-4.99677833,55.80996667,1987.302302
"1486",-5.01049497,55.80653759,265.138961
"1487",-4.99563113,55.80396871,304.551391
"1488",-4.98040976,55.80137367,1595.206334
"1489",-4.96503967,55.79888505,247.9356
"1490",-4.94965667,55.79638833,4608.087272
"1491",-4.93439333,55.79386333,406.435489
"1492",-4.93360361,55.79005695,560.326401
"1493",-4.94934374,55.78841337,126.958054
"1494",-4.96458136,55.78578947,380.186542
"1495",-4.97980827,55.78299202,1647.139537
"1496",-4.99354562,55.78224683,96.936545
"1497",-4.98362205,55.78180375,0
"1498",-4.9930327,55.77719821,21.218372
"1499",-4.97963237,55.77207842,21.237611
"1500",-4.965675,55.76762667,99.70997
"1501",-4.95171523,55.76346162,58.869673
"1502",-4.96137243,55.75874428,255.870793
"1503",-4.97632496,55.75558761,57.176052
"1504",-4.99122,55.75237667,31.531644
"1505",-5.00575732,55.74843046,42.43689
"1506",-4.99676752,55.74298011,109.169433
"1507",-4.98261411,55.73883521,422.696963
"1508",-4.96986858,55.73370265,202.425997
"1509",-4.96438467,55.72761167,6.487194
"1510",-4.9801718,55.72700172,427.890183
"1511",-4.99539488,55.72442446,430.821318
"1512",-5.01088603,55.7219976,0
"1513",-5.01813068,55.7179698,0
"1514",-5.00339037,55.71476116,3.102169
"1515",-4.98842007,55.71165668,498.654368
"1516",-4.97334141,55.70877714,226.009863
"1517",-4.95781274,55.70640238,12.584998
"1518",-4.94411134,55.70925099,13.530894
"1519",-4.93031672,55.71310421,233.06368
"1520",-4.91575606,55.71627436,947.774456
"1521",-4.92711513,55.72215018,24.552661
"1522",-4.934005,55.728155,186.275601
"1523",-4.91828333,55.72999333,1.039456
"1524",-4.92235493,55.73518342,10.187356
"1525",-4.92673765,55.74028629,200.585602
"1526",-4.9108016,55.74058124,0
"1527",-4.89758346,55.74437092,23.317477
"1528",-4.89656674,55.75306047,288.355931
"1529",-4.88213667,55.756905,105.864769
"1530",-4.88693152,55.76313721,84.517031
"1531",-4.88555058,55.76992079,23.274028
"1532",-4.872735,55.77521,7.007172
"1533",-4.88390996,55.78061986,54.380178
"1534",-4.88516202,55.78793898,10.751953
"1535",-4.88005309,55.79487128,70.669597
"1536",-4.89490167,55.79861833,124.592029
"1537",-4.90900221,55.80280019,3.760161
"1538",-4.92246005,55.80766577,0
"1539",-4.93649985,55.81204719,0
"1540",-4.95034142,55.81653843,0.892231
"1541",-4.96223619,55.82254398,31.424166
"1542",-4.9736102,55.82882451,1073.203323
"1543",-4.985255,55.83499833,42.159301
"1544",-4.99675487,55.84123298,298.177538
"1545",-5.00750913,55.847777,0
"1546",-5.05090298,55.84966199,0
"1547",-5.04854289,55.86838026,145.783879
"1548",-5.05899892,55.87480894,152.324415
"1549",-5.06335289,55.88136245,725.849825
"1550",-5.05391311,55.88855432,324.816031
"1551",-5.06386686,55.89474551,1293.621451
"1552",-5.06792728,55.90162785,45102.489192
"1553",-5.05587721,55.90734521,1090.239475
"1554",-5.06532764,55.91412114,1718.338053
"1555",-5.06896266,55.92108074,633.37937
"1556",-5.06242379,55.92815128,497.969084
"1557",-5.07079915,55.93417431,552.917461
"1558",-5.07082116,55.94034596,795.911348
"1559",-5.08018591,55.9459202,9063.86427
"1560",-5.07936838,55.9525772,8228.159374
"1561",-5.092085,55.95761333,10418.530993
"1562",-5.09557229,55.96128881,22351.144402
"1563",-5.10648039,55.96741835,23889.88962
"1564",-5.11363833,55.97449167,5122.640358
"1565",-5.11537827,55.98294551,718.439705
"1566",-5.11865333,55.99124333,254.462999
"1567",-5.11897201,55.99177028,12.604239
"1568",-5.11468884,55.98424215,578.689281
"1569",-5.11192253,55.97590119,1580.670221
"1570",-5.10741246,55.96850909,17847.407542
"1571",-5.09515106,55.96165683,44658.521606
"1572",-5.08722404,55.95661147,13781.049299
"1573",-5.08437968,55.95632683,23978.153724
"1574",-5.08387,55.94949,16839.815688
"1575",-5.07320457,55.94423089,16317.292076
"1576",-5.07267922,55.93657142,1260.427633
"1577",-5.06827628,55.93054192,581.550722
"1578",-5.06463553,55.92287848,2522.443327
"1579",-5.06811115,55.91677239,945.286912
"1580",-5.05890187,55.91076156,277.400008
"1581",-5.06214512,55.90949028,401.32322
"1582",-5.06063167,55.90126,3321.747657
"1583",-5.05584153,55.89514287,2634.485555
"1584",-5.06770749,55.88911043,7500.297685
"1585",-5.08137368,55.88928274,733.640765
"1586",-5.0928169,55.89551086,13218.635898
"1587",-5.10780342,55.89423598,912.412326
"1588",-5.11744607,55.90045182,923.702565
"1589",-5.12786944,55.90614073,914.445381
"1590",-5.13947482,55.91087289,9005.869868
"1591",-5.14952619,55.91799217,652.042586
"1592",-5.16099481,55.92435097,0
"1593",-5.17325027,55.92906042,0.746786
"1594",-5.18682688,55.93345889,1876.088531
"1595",-5.19358896,55.94172808,196.358691
"1596",-5.19598225,55.94960403,0
"1597",-5.19293598,55.95619868,0
"1598",-5.19518266,55.94743268,0
"1599",-5.19194667,55.93876,4127.860929
"1600",-5.18649657,55.93070457,2198.639634
"1601",-5.1986824,55.92490108,261.677993
"1602",-5.204685,55.91662667,2180.656232
"1603",-5.21651667,55.91106667,0
"1604",-5.22756267,55.90455895,0
"1605",-5.23490019,55.89663552,4.706605
"1606",-5.22134833,55.89403167,0
"1607",-5.22791996,55.88867751,335.965858
"1608",-5.21868885,55.88415349,9908.565963
"1609",-5.22089215,55.87787882,7753.357442
"1610",-5.20774715,55.8747746,3158.572973
"1611",-5.20975133,55.87161389,3300.404398
"1612",-5.20477667,55.86753333,909.088922
"1613",-5.20131911,55.86952157,0
"1614",-5.20622,55.86329333,1824.826772
"1615",-5.19589481,55.86045123,774.325158
"1616",-5.18051725,55.85803203,75.959547
"1617",-5.19128527,55.85423047,58.029014
"1618",-5.19418,55.85118333,5.696802
"1619",-5.17812,55.84957667,1241.779494
"1620",-5.1784199,55.84602274,985.739036
"1621",-5.19442975,55.84429504,0
"1622",-5.18192612,55.84157212,1027.789958
"1623",-5.1660501,55.84036804,669.324249
"1624",-5.15460833,55.837215,72.211961
"1625",-5.17020068,55.835594,735.188474
"1626",-5.18653885,55.83460983,231.820743
"1627",-5.18050597,55.83114133,382.37573
"1628",-5.16460793,55.82987087,576.549722
"1629",-5.15076,55.827295,0
"1630",-5.1650188,55.82458895,906.489101
"1631",-5.18083287,55.82315883,417.81175
"1632",-5.19633403,55.82101636,303.512447
"1633",-5.20944167,55.81667833,36.483293
"1634",-5.21654033,55.80860573,1766.202894
"1635",-5.2234897,55.80055306,2592.295598
"1636",-5.23066667,55.79255,811.610667
"1637",-5.23812045,55.78465289,1809.557792
"1638",-5.24589208,55.77672159,387.84223
"1639",-5.25381667,55.76891823,449.117207
"1640",-5.26194056,55.76121903,302.024363
"1641",-5.30084167,55.71559833,0
"1642",-5.29887333,55.78615167,3.361063
"1643",-5.29061128,55.79387108,48.309788
"1644",-5.28098885,55.80103713,389.219425
"1645",-5.2714727,55.80822479,1496.641967
"1646",-5.26251593,55.81569764,12164.730592
"1647",-5.25348669,55.82317121,752.779421
"1648",-5.24299545,55.82805894,0
"1649",-5.24831446,55.83140929,0
"1650",-5.26346033,55.83408978,218.083997
"1651",-5.2790957,55.8359864,779.054896
"1652",-5.29492,55.83724167,1814.919785
"1653",-5.31038197,55.83956318,686.846502
"1654",-5.3259919,55.84191832,159.794599
"1655",-5.34127667,55.84441833,27.52684
"1656",-5.35487549,55.84855049,98.370692
"1657",-5.36102445,55.8565521,10.929695
"1658",-5.36082667,55.86562667,27.578073
"1659",-5.36061,55.87463667,553.418906
"1660",-5.36014205,55.88358398,0
"1661",-5.35950572,55.89257674,0
"1662",-5.36480067,55.90106101,1304.119432
"1663",-5.37378566,55.90855074,5909.025739
"1664",-5.38194641,55.91622173,2511.93786
"1665",-5.38765745,55.92457466,1607.500679
"1666",-5.39284906,55.93318779,1511.930757
"1667",-5.39983818,55.94118053,8360.730232
"1668",-5.40684292,55.94928575,4076.496845
"1669",-5.41354049,55.95743711,2110.401201
"1670",-5.4202824,55.96562309,1131.882247
"1671",-5.42266589,55.97405877,648.063097
"1672",-5.40929041,55.97788484,29.902089
"1673",-5.39417942,55.98088398,0
"1674",-5.37973002,55.983471,202.067638
"1675",-5.36998777,55.99054811,307.593632
"1676",-5.36390105,55.99884922,9.558221
"1677",-5.3580256,56.00729629,169.717372
"1678",-5.34811869,56.01380701,5818.14994
"1679",-5.33335864,56.01670997,34.552975
"1680",-5.3183917,56.02046732,1520.310234
"1681",-5.31463551,56.02587238,5177.321656
"1682",-5.32616333,56.03187,53.880708
"1683",-5.31741438,56.03859781,264.245986
"1684",-5.30508736,56.04439638,205.161277
"1685",-5.30473415,56.05231282,649.065752
"1686",-5.29957056,56.05998191,12.768922
"1687",-5.28513104,56.06394292,12164.119354
"1688",-5.27603869,56.06975683,2631.460393
"1689",-5.280431,56.07842781,281.460874
"1690",-5.26944333,56.08311833,193.401766
"1691",-5.25330173,56.08484331,2146.381061
"1692",-5.25767903,56.09296894,97.622974
"1693",-5.24420627,56.09710357,213.306294
"1694",-5.23315287,56.10320092,10.507539
"1695",-5.23127333,56.11194833,1222.503535
"1696",-5.23444447,56.12049526,875.791782
"1697",-5.22098284,56.12541814,161.335071
"1698",-5.20737647,56.1300106,22.008485
"1699",-5.20554667,56.138945,1077.002946
"1700",-5.19052167,56.13911667,78.715923
"1701",-5.17999,56.142785,176.223338
"1702",-5.17033246,56.14688132,1241.011134
"1703",-5.15479957,56.14417462,2742.585332
"1704",-5.14730819,56.15024114,436.11465
"1705",-5.13698667,56.15409167,88.259052
"1706",-5.12256333,56.15404667,132.171802
"1707",-5.12071657,56.16302087,10.360177
"1708",-5.10924985,56.16736946,57.792113
"1709",-5.09587251,56.17062546,29.917344
"1710",-5.09996167,56.17931,56.846132
"1711",-5.09435939,56.18610712,8.925402
"1712",-5.08127852,56.19139503,70155.183472
"1713",-5.08412667,56.19698667,51.739187
"1714",-5.0836061,56.19888216,6.245313
"1715",-5.0828337,56.20718998,228.558523
"1716",-5.0691185,56.21187829,162.089157
"1717",-5.05731095,56.21668575,166.862376
"1718",-5.06386066,56.22486596,266.32096
"1719",-5.04991333,56.22606167,7.115808
"1720",-5.05502365,56.21992587,35.044399
"1721",-5.06974926,56.21614602,32.005005
"1722",-5.07302075,56.20877131,38.21535
"1723",-5.07487833,56.2008,129.453799
"1724",-5.08923855,56.19651419,18.3754
"1725",-5.09088992,56.18908292,34857.229717
"1726",-5.0871011,56.18043645,23455.315527
"1727",-5.09781993,56.17425502,13.177907
"1728",-5.10666325,56.16819459,934.433485
"1729",-5.10923518,56.16004154,527.634489
"1730",-5.12509,56.15869333,15.291458
"1731",-5.13547819,56.15447604,162.896697
"1732",-5.13981493,56.14728909,1396.98224
"1733",-5.15425278,56.15131602,81.962685
"1734",-5.16278403,56.14535117,1778.689357
"1735",-5.17769356,56.14342333,1283.365303
"1736",-5.19150855,56.14050183,335.04822
"1737",-5.20229667,56.13444167,747.510057
"1738",-5.214872,56.13024475,486.803032
"1739",-5.21955848,56.12161793,141.307084
"1740",-5.22742016,56.11396448,760.409492
"1741",-5.23162167,56.1053,0.847883
"1742",-5.23680411,56.0968716,0
"1743",-5.24894973,56.09125024,2.299637
"1744",-5.26283306,56.08666214,0.346609
"1745",-5.267595,56.07817833,3433.769268
"1746",-5.27692028,56.07118085,8720.320711
"1747",-5.28496289,56.06356981,2750.301044
"1748",-5.29375167,56.0562,1723.691922
"1749",-5.30709842,56.05135182,995.863803
"1750",-5.32134667,56.04809333,0
"1751",-5.27829775,56.06917284,154.459127
"1752",-5.28889167,56.063785,370.792316
"1753",-5.29994384,56.05728167,982.201292
"1754",-5.31092677,56.05067842,1219.8349
"1755",-5.31307418,56.04258194,575.024087
"1756",-5.307525,56.0342,628.150248
"1757",-5.31396752,56.02828041,572.951214
"1758",-5.32947974,56.02590962,0
"1759",-5.32123667,56.020675,416.931101
"1760",-5.32694098,56.01577736,149.127879
"1761",-5.34262333,56.01407667,414.788
"1762",-5.35666196,56.01131215,87.789783
"1763",-5.3599596,56.0026144,613.574618
"1764",-5.35889416,55.99368067,594.88361
"1765",-5.35674511,55.98499998,79.667847
"1766",-5.36204167,55.97650833,52.936878
"1767",-5.36764838,55.96820025,652.384417
"1768",-5.37255603,55.9593282,1733.1843
"1769",-5.377565,55.950945,5123.701834
"1770",-5.38352167,55.94259167,5010.432857
"1771",-5.38960584,55.93430825,1470.649695
"1772",-5.39530778,55.92590984,1172.320166
"1773",-5.40033922,55.91736621,5078.433175
"1774",-5.40513242,55.90876111,2033.150772
"1775",-5.40592228,55.90022228,16.745539
"1776",-5.39529947,55.89352492,60.733696
"1777",-5.38406105,55.88707308,6655.039234
"1778",-5.37227547,55.88101821,1022.123701
"1779",-5.36014948,55.87511685,930.122277
"1780",-5.34805249,55.86921783,2178.794067
"1781",-5.33634456,55.86308237,2.176589
"1782",-5.32483894,55.85679802,37.934911
"1783",-5.32133833,55.84824653,6.627671
"1784",-5.32097,55.83921547,302.667451
"1785",-5.32017328,55.83026445,38.726424
"1786",-5.31936667,55.82125833,210.238964
"1787",-5.31863912,55.81223167,3.758181
"1788",-5.30697933,55.8066519,6067.828235
"1789",-5.2918618,55.80380296,1421.575112
"1790",-5.27610485,55.80202832,481.352657
"1791",-5.26044333,55.80027333,1439.842906
"1792",-5.24478833,55.79849333,1677.439769
"1793",-5.22908913,55.79678707,677.668477
"1794",-5.21330428,55.7950988,1659.804453
"1795",-5.19778407,55.79315289,1244.318783
"1796",-5.18351649,55.79014996,301.722263
"1797",-5.19819167,55.78771333,974.093059
"1798",-5.2141218,55.78645543,3417.262669
"1799",-5.22994378,55.78503006,847.981182
"1800",-5.2456918,55.78326897,1556.211778
"1801",-5.26115167,55.78129833,423.348948
"1802",-5.276955,55.77963833,1089.356337
"1803",-5.29263194,55.77797641,163.611599
"1804",-5.30389536,55.77374226,79.400596
"1805",-5.301125,55.764825,0
"1806",-5.29864651,55.75593824,685.648812
"1807",-5.29581838,55.74707515,204.992022
"1808",-5.29325658,55.73819667,1870.11268
"1809",-5.29095667,55.729365,717.886216
"1810",-5.30461302,55.72573267,918.650954
"1811",-5.32055018,55.72599,127.660621
"1812",-5.33657667,55.72610167,398.604345
"1813",-5.35263326,55.72629,5.112691
"1814",-5.36857135,55.7268743,101.521646
"1815",-5.38433608,55.72739751,383.749608
"1816",-5.40039833,55.72811333,406.230226
"1817",-5.41577479,55.72801835,0
"1818",-5.40645363,55.72106225,2.885037
"1819",-5.39593667,55.71431333,83.938229
"1820",-5.38544348,55.70757183,49.290788
"1821",-5.37487107,55.70082344,1936.027258
"1822",-5.36414328,55.69417406,552.573162
"1823",-5.36520833,55.688175,581.595428
"1824",-5.38024228,55.68523481,318.928674
"1825",-5.39504377,55.68189892,104.699113
"1826",-5.40984919,55.67854678,293.004521
"1827",-5.42464833,55.67513833,960.555844
"1828",-5.4392865,55.67163321,646.559936
"1829",-5.44827634,55.66629967,91.567627
"1830",-5.43755378,55.65971174,738.547941
"1831",-5.42568167,55.65366333,431.762479
"1832",-5.41315241,55.64816625,406.376916
"1833",-5.41363039,55.64239098,243.709095
"1834",-5.42726641,55.63763687,669.67758
"1835",-5.44074,55.63286833,954.550016
"1836",-5.45428,55.62810667,340.902278
"1837",-5.46242721,55.62185768,219.769486
"1838",-5.44871125,55.61737833,351.915704
"1839",-5.43408498,55.61368307,152.215732
"1840",-5.41938697,55.61046492,2485.194828
"1841",-5.40642985,55.60621708,84.235367
"1842",-5.41844,55.60038833,205.861252
"1843",-5.430415,55.59445833,292.858594
"1844",-5.442333,55.58845557,700.122237
"1845",-5.44511642,55.58094687,173.538793
"1846",-5.43140931,55.57663518,7023.946777
"1847",-5.41678411,55.57314073,994.636798
"1848",-5.401765,55.57010167,85.089446
"1849",-5.38681167,55.56721667,441.098077
"1850",-5.371825,55.564185,1208.698128
"1851",-5.3795974,55.55720152,194.60688
"1852",-5.39134876,55.55115845,352.241745
"1853",-5.40356196,55.54540366,248.2865
"1854",-5.41589252,55.53973307,148.156181
"1855",-5.42829769,55.53410417,208.416311
"1856",-5.440825,55.52856,807.424529
"1857",-5.452545,55.52259333,706.977182
"1858",-5.45278427,55.51552862,255.621701
"1859",-5.4685378,55.51488727,259.120834
"1860",-5.48328178,55.51198263,29.800987
"1861",-5.47724256,55.50599681,1394.341206
"1862",-5.4632784,55.50159502,298.280897
"1863",-5.4492536,55.49746992,464.652408
"1864",-5.43519281,55.49327587,123.708528
"1865",-5.421275,55.48895667,52.205819
"1866",-5.40748048,55.48456703,61.898804
"1867",-5.39360153,55.48018013,98.158649
"1868",-5.37937067,55.4762286,789.648663
"1869",-5.36504623,55.47230947,25.136363
"1870",-5.35077791,55.46847407,0
"1871",-5.34001831,55.46297607,0
"1872",-5.35291333,55.4582,0
"1873",-5.36716781,55.45436533,0
"1874",-5.38156401,55.45053001,125.194444
"1875",-5.39589182,55.44671034,144.382672
"1876",-5.41045833,55.44296833,20.439642
"1877",-5.42544646,55.44025956,170.630471
"1878",-5.44070725,55.43780127,1302.822325
"1879",-5.45616838,55.43571636,700.084437
"1880",-5.47192382,55.43461975,405.393887
"1881",-5.48767475,55.43375456,236.348303
"1882",-5.50343993,55.433265,21.838875
"1883",-5.52007607,55.43355652,1.738578
"1884",-5.54961812,55.4298207,0
"1885",-5.53456167,55.43156833,7.561614
"1886",-5.51900773,55.43087103,0
"1887",-5.50375587,55.42844556,4.369549
"1888",-5.48857384,55.42584673,39.253227
"1889",-5.47333826,55.42340055,387.959012
"1890",-5.4581257,55.42094621,39.242454
"1891",-5.44304724,55.4181598,352.389752
"1892",-5.42799833,55.41529667,3682.49803
"1893",-5.41302201,55.4123695,2748.261918
"1894",-5.39632439,55.40911388,5774.828035
"1895",-5.38246797,55.40634863,479.045958
"1896",-5.38359984,55.4088931,1.52004
"1897",-5.36856561,55.40610876,366.251713
"1898",-5.35352652,55.40321936,429.690667
"1899",-5.33864464,55.40025139,405.303144
"1900",-5.32376289,55.39727075,452.209343
"1901",-5.30861542,55.39435205,4964.302505
"1902",-5.29377352,55.39145477,11.275053
"1903",-5.28057798,55.38721475,149.050414
"1904",-5.29432326,55.38397196,1355.612421
"1905",-5.3093337,55.38100228,47.481292
"1906",-5.32418826,55.37796351,2059.116557
"1907",-5.33928656,55.37513244,1494.034045
"1908",-5.35431577,55.37226574,2083.374349
"1909",-5.36924,55.369325,91.88606
"1910",-5.38410024,55.36623195,1128.718161
"1911",-5.39903719,55.36317606,748.822565
"1912",-5.41404364,55.36038552,78.654858
"1913",-5.42903794,55.35750187,313.833061
"1914",-5.44379333,55.35441333,4.779355
"1915",-5.45890055,55.35145397,0
"1916",-5.47347568,55.34813263,0
"1917",-5.48876518,55.34586825,1.328851
"1918",-5.50406502,55.34359441,229.113239
"1919",-5.51553158,55.339079,209.408098
"1920",-5.500045,55.33633833,0
"1921",-5.48546112,55.33322448,0
"1922",-5.47072926,55.32995261,0
"1923",-5.456715,55.32585667,22.579973
"1924",-5.44325807,55.32122259,69.9037
"1925",-5.4289584,55.31724724,62.016105
"1926",-5.41478081,55.31329354,68.162056
"1927",-5.40064952,55.30933278,106.10703
"1928",-5.38601,55.30583667,127.794236
"1929",-5.37127833,55.302655,394.475433
"1930",-5.35674167,55.29927667,52.145997
"1931",-5.34228259,55.2957265,29.254274
"1932",-5.32783468,55.2921159,31.564087
"1933",-5.31342531,55.28847925,394.236067
"1934",-5.29878521,55.28512133,428.224136
"1935",-5.28396172,55.28195655,2976.847355
"1936",-5.26920733,55.27878004,1062.958132
"1937",-5.25442362,55.27556392,2629.389917
"1938",-5.23696484,55.27182464,280.683303
"1939",-5.237095,55.272125,3320.381101
"1940",-5.22187167,55.26980667,962.000361
"1941",-5.20661125,55.26744708,319.042003
"1942",-5.19143622,55.26494607,569.809369
"1943",-5.17644302,55.26239036,461.064768
"1944",-5.16097344,55.26283748,550.822693
"1945",-5.14603848,55.26563346,3060.029772
"1946",-5.13168358,55.26937585,2715.100861
"1947",-5.11736223,55.2731986,73.636139
"1948",-5.10301,55.27694,291.855536
"1949",-5.088555,55.28058333,659.619009
"1950",-5.074075,55.28417667,458.000678
"1951",-5.0592691,55.28787689,683.836969
"1952",-5.0677087,55.29211841,2570.718748
"1953",-5.08227667,55.29553,3132.581335
"1954",-5.09698136,55.29884119,494.737767
"1955",-5.11183845,55.30196784,2608.927881
"1956",-5.12665167,55.30505667,1754.980709
"1957",-5.14157386,55.30806911,840.688102
"1958",-5.15660081,55.31099634,213.85352
"1959",-5.17161054,55.31372534,886.682509
"1960",-5.18654279,55.3165921,700.959477
"1961",-5.20133279,55.31977737,449.121822
"1962",-5.21610846,55.32296836,1808.378003
"1963",-5.23093463,55.32615452,3261.345552
"1964",-5.24571279,55.32925822,2176.817253
"1965",-5.26058333,55.33238333,1237.217508
"1966",-5.26666373,55.33767756,523.23532
"1967",-5.25339586,55.34219712,1252.090939
"1968",-5.23868335,55.34551204,1309.742236
"1969",-5.22442833,55.34939333,653.928023
"1970",-5.20987656,55.35305023,600.255784
"1971",-5.19536295,55.35642231,384.990203
"1972",-5.18030309,55.35932582,762.335149
"1973",-5.16498958,55.36160973,416.890869
"1974",-5.14973193,55.36382893,20.298842
"1975",-5.13459667,55.366445,21.651432
"1976",-5.11938167,55.36914667,58.430796
"1977",-5.10426178,55.37152268,441.034654
"1978",-5.08922381,55.37427609,1338.997313
"1979",-5.07414454,55.37730409,371.219945
"1980",-5.05923842,55.38020943,241.284291
"1981",-5.05284783,55.38619277,152.324488
"1982",-5.06917,55.38596167,1156.589002
"1983",-5.084995,55.38622833,57.101361
"1984",-5.10072815,55.38715005,683.604953
"1985",-5.11650658,55.38835394,50.89644
"1986",-5.1320949,55.3897662,50.429972
"1987",-5.14769862,55.39118503,556.349724
"1988",-5.16346586,55.39212464,467.006438
"1989",-5.17926167,55.39256,16.727539
"1990",-5.19505557,55.39313985,215.323448
"1991",-5.21087159,55.39379762,1068.302051
"1992",-5.22678193,55.39455321,721.651628
"1993",-5.24244316,55.39557208,263.068803
"1994",-5.2581295,55.39680033,50.797904
"1995",-5.2742304,55.39845064,2116.357487
"1996",-5.2668859,55.40245397,600.592183
"1997",-5.25201665,55.40561297,47.472599
"1998",-5.23728398,55.40877912,87.673747
"1999",-5.22235384,55.41193669,93.944254
"2000",-5.20732955,55.41466539,0.760365
"2001",-5.19231951,55.41762131,1.106073
"2002",-5.17757314,55.42069242,0
"2003",-5.1625557,55.4237373,172.164088
"2004",-5.12950376,55.40455593,1160.047969
"2005",-5.11389454,55.40592605,135.232586
"2006",-5.09834974,55.40769521,164.727385
"2007",-5.08298,55.40976667,305.35488
"2008",-5.06759667,55.41171,994.378811
"2009",-5.05218458,55.41380082,1346.735598
"2010",-5.03685588,55.41604486,549.070191
"2011",-5.02217654,55.4190217,700.324886
"2012",-5.00698333,55.42149833,1302.100565
"2013",-4.99174134,55.42389064,965.194877
"2014",-4.97649753,55.42638717,869.026316
"2015",-4.96123905,55.42867615,958.512353
"2016",-4.94535699,55.43001912,606.26733
"2017",-4.94831545,55.43299993,261.773774
"2018",-4.96366472,55.43457139,2048.070378
"2019",-4.97816346,55.43821466,1667.706068
"2020",-4.99474245,55.44214884,493.16293
"2021",-4.9931693,55.44161417,414.622333
"2022",-5.00765058,55.44526598,352.827919
"2023",-5.02220742,55.44888302,192.7876
"2024",-5.03625,55.45301667,437.893866
"2025",-5.05005763,55.45742088,616.787138
"2026",-5.06273405,55.46248205,328.320091
"2027",-5.04899753,55.46540204,480.50451
"2028",-5.03365341,55.46765778,4032.965284
"2029",-5.0184507,55.47016268,898.977576
"2030",-5.00295812,55.47267508,406.16758
"2031",-5.00261628,55.47128693,0
"2032",-4.98807394,55.47506621,1124.135502
"2033",-4.97294039,55.47776046,231.925908
"2034",-4.95775748,55.48036658,334.438794
"2035",-4.94284873,55.48344759,657.473007
"2036",-4.92795299,55.48663722,2213.381277
"2037",-4.91321787,55.48977703,3332.320249
"2038",-4.90532167,55.49429333,7200.385665
"2039",-4.92004819,55.49788598,5504.006238
"2040",-4.93475252,55.50131203,3218.815745
"2041",-4.94938248,55.50486852,2231.743431
"2042",-4.96400319,55.50847008,1446.055317
"2043",-4.97814123,55.51248379,527.951691
"2044",-4.99214082,55.51664192,264.276054
"2045",-5.0063923,55.52072805,360.432311
"2046",-5.02051977,55.52476783,619.532012
"2047",-5.03399484,55.52953963,195.916937
"2048",-5.04730667,55.53459667,41.032804
"2049",-5.04240723,55.54175565,370.437674
"2050",-5.02906975,55.54666368,875.65558
"2051",-5.01600833,55.551805,296.449414
"2052",-5.00308713,55.55706799,1604.163427
"2053",-4.99026066,55.56231629,2385.643502
"2054",-4.97736667,55.56757667,1418.796061
"2055",-4.96419042,55.57262445,13254.244244
"2056",-4.94997,55.57756833,685.961052
"2057",-4.93766216,55.5820584,20161.922175
"2058",-5.107605,55.53451833,0
"2059",-5.06030422,55.46561547,46.634413
"2060",-5.04520504,55.46713434,602.222224
"2061",-5.02959711,55.46858677,210.861023
"2062",-5.01420167,55.47057833,38.249647
"2063",-4.99921,55.47334667,231.257656
"2064",-4.98453,55.47671667,241.475314
"2065",-4.96947446,55.47957389,1163.966164
"2066",-4.95411291,55.4816953,4998.688159
"2067",-4.93886996,55.48410486,1539.787961
"2068",-4.9237192,55.48695029,956.332822
"2069",-4.90843553,55.48979938,746.450215
"2070",-4.91117833,55.49487,2193.622244
"2071",-4.92521082,55.49906108,815.913128
"2072",-4.93945302,55.50293458,2146.510116
"2073",-4.95383549,55.50688431,2304.429692
"2074",-4.96810718,55.51081223,1626.720704
"2075",-4.982425,55.51471667,1230.109571
"2076",-4.99683575,55.51857125,889.950124
"2077",-5.01120342,55.52231044,769.923374
"2078",-5.02550591,55.52634402,659.333326
"2079",-5.0389,55.53104167,1351.11186
"2080",-5.05210578,55.53603941,44.657779
"2081",-5.04140244,55.541483,434.329503
"2082",-5.02892516,55.54704552,638.696213
"2083",-5.01648667,55.55268667,462.328541
"2084",-5.00335,55.55774056,654.92741
"2085",-4.98999027,55.56262261,589.761116
"2086",-4.97664084,55.56750336,561.054465
"2087",-4.96341198,55.57237544,409.295011
"2088",-4.95021138,55.57750198,511.016924
"2089",-4.9372412,55.58265976,483.177805
"2090",-4.93569167,55.58230167,2200.49973
"2091",-4.9464729,55.58874288,40.091699
"2092",-4.95901283,55.59426041,30.701083
"2093",-4.97314667,55.59829167,460.008
"2094",-4.98774321,55.60184368,393.961735
"2095",-5.00256332,55.60531488,207.610712
"2096",-5.01715329,55.60883707,132.578772
"2097",-5.03175,55.61241333,298.050772
"2098",-5.04639277,55.61604956,138.952412
"2099",-5.06089209,55.61973193,906.399913
"2100",-5.07543333,55.62342167,3002.41556
"2101",-5.09020109,55.62729195,7652.329399
"2102",-5.08624644,55.62464659,1041.131437
"2103",-5.10098888,55.62793397,2005.011177
"2104",-5.105635,55.63286833,244.3202
"2105",-5.09229182,55.63783756,72.588082
"2106",-5.07854299,55.64230298,525.330391
"2107",-5.06471936,55.64676995,844.461379
"2108",-5.05229167,55.65232167,474.750682
"2109",-5.03971958,55.65788746,269.961769
"2110",-5.02576538,55.66216154,1003.599022
"2111",-5.01179886,55.66658361,420.081241
"2112",-5.01919436,55.67200907,12.074499
"2113",-5.03498833,55.67219333,186.122831
"2114",-5.0508168,55.67373598,40.934531
"2115",-5.066498,55.67532844,34.121877
"2116",-5.08223034,55.67699461,118.743047
"2117",-5.09789477,55.67867865,136.434457
"2118",-5.11355207,55.68031571,173.486242
"2119",-5.12916788,55.68196583,249.145988
"2120",-5.14473,55.68410667,1191.764289
"2121",-5.16029855,55.68642819,2243.412437
"2122",-5.15199092,55.69302181,3244.576471
"2123",-5.13984406,55.69886907,294.31073
"2124",-5.12782458,55.70471688,211.597043
"2125",-5.115735,55.71063167,48.903692
"2126",-5.1045504,55.71700102,435.218293
"2127",-5.09288087,55.72318831,71.015993
"2128",-5.08098659,55.72919581,118.438452
"2129",-5.06982576,55.7357811,273.696578
"2130",-5.08089762,55.73624934,63.839678
"2131",-5.09630462,55.73392773,429.912318
"2132",-5.11180678,55.7317815,17.219735
"2133",-5.12757483,55.73020213,246.996423
"2134",-5.14330774,55.72871064,1246.815205
"2135",-5.1590255,55.72723473,2172.100512
"2136",-5.17485284,55.72573178,297.876686
"2137",-5.19054,55.72419833,166.255263
"2138",-5.20621443,55.72257232,201.656888
"2139",-5.22173896,55.72049087,24.502295
"2140",-5.23070387,55.7231278,18.793428
"2141",-5.22304333,55.73102333,83.105938
"2142",-5.21525833,55.73883833,139.705959
"2143",-5.20807833,55.74687167,411.183626
"2144",-5.20130493,55.75501985,559.842802
"2145",-5.19487639,55.76322541,373.80468
"2146",-5.18868079,55.77158442,117.751326
"2147",-5.18601415,55.77942794,207.419474
"2148",-5.20007037,55.77518946,160.751378
"2149",-5.21373833,55.770625,328.857949
"2150",-5.22843897,55.76694982,98.437642
"2151",-5.24313901,55.76343544,84.482472
"2152",-5.25726221,55.75925235,108.565766
"2153",-5.26733628,55.75324302,7.638995
"2154",-5.25207259,55.75328841,173.240616
"2155",-5.23613167,55.75335,41.331262
"2156",-5.2201448,55.75326385,124.651855
"2157",-5.20417796,55.75312833,1006.036157
"2158",-5.1881528,55.75297,262.601347
"2159",-5.17219231,55.75277953,146.220887
"2160",-5.15612761,55.75258582,163.139992
"2161",-5.15578333,55.74450667,774.391985
"2162",-5.16276299,55.73640399,659.291888
"2163",-5.170108,55.72841287,1860.697043
"2164",-5.17767396,55.72047604,585.615276
"2165",-5.1852502,55.71261096,1441.417061
"2166",-5.19617956,55.70849297,1301.313318
"2167",-5.18613698,55.70539122,1945.94667
"2168",-5.17019,55.70537333,1937.09617
"2169",-5.1542739,55.70564333,447.329857
"2170",-5.13840156,55.70589184,961.516605
"2171",-5.12264906,55.70548319,1798.309863
"2172",-5.10675655,55.70608833,945.122041
"2173",-5.09095133,55.70635667,1396.235414
"2174",-5.07502621,55.70642173,1423.508173
"2175",-5.059155,55.706375,1092.622735
"2176",-5.04320999,55.70618005,1068.357573
"2177",-5.0273881,55.70587037,799.764278
"2178",-5.01156184,55.70513437,992.378305
"2179",-4.99582968,55.70404969,543.565488
"2180",-4.98044707,55.70192696,685.496954
"2181",-4.96473777,55.69995313,238.121913
"2182",-4.9492184,55.69850667,496.630595
"2183",-4.93361575,55.69690961,1227.05769
"2184",-4.92503361,55.69309008,308.776466
"2185",-4.94044757,55.69105144,447.298666
"2186",-4.95363111,55.68602902,784.089215
"2187",-4.96652125,55.6808171,341.78454
"2188",-4.97972667,55.67575333,609.348676
"2189",-4.993165,55.67092667,246.308174
"2190",-4.99944016,55.66588744,940.317855
"2191",-4.98402341,55.66415207,242.905678
"2192",-4.96835352,55.66286975,268.116139
"2193",-4.95265286,55.66151405,135.096039
"2194",-4.93701833,55.65998833,372.387718
"2195",-4.92136007,55.658325,1653.841775
"2196",-4.90560023,55.6569682,1088.268162
"2197",-4.88997453,55.65571965,20978.029855
"2198",-4.87630463,55.65292438,24945.209516
"2199",-4.88381,55.644165,2826.471597
"2200",-4.88579161,55.63779986,49.756659
"2201",-4.89391674,55.6301171,220.53877
"2202",-4.90109338,55.62211737,188.598791
"2203",-4.90701833,55.61381667,450.166094
"2204",-4.91274821,55.60548019,313.678582
"2205",-4.91817571,55.59701705,778.548113
"2206",-4.91770399,55.58924521,513.918534
"2207",-4.90209479,55.58738507,377.236914
"2208",-4.88678311,55.5852637,445.56538
"2209",-4.87136465,55.58318803,1207.44985
"2210",-4.855915,55.58109667,3425.747267
"2211",-4.84054277,55.57901297,405.343772
"2212",-4.82506983,55.5770054,778.485681
"2213",-4.80967458,55.57498286,11.313747
"2214",-4.79420258,55.57298616,1037.94434
"2215",-4.77879936,55.57099831,936.756278
"2216",-4.76256995,55.56882536,0
"2217",-4.75608054,55.56850362,3.668833
"2218",-4.74068965,55.56636087,3.387731
"2219",-4.72985467,55.56232898,0
"2220",-4.74287167,55.557115,60.4466
"2221",-4.75600891,55.55211384,134.688065
"2222",-4.76912111,55.54711406,84.02703
"2223",-4.78198509,55.54193079,189.41086
"2224",-4.79482678,55.53661233,69.031284
"2225",-4.80749998,55.53131944,297.835297
"2226",-4.82019223,55.52595951,3466.513466
"2227",-4.83306271,55.5207853,538.038835
"2228",-4.84610333,55.515635,1930.597348
"2229",-4.85924228,55.51056208,724.871429
"2230",-4.87198587,55.50532366,301.02028
"2231",-4.88495692,55.50014567,1954.676603
"2232",-4.898005,55.49498667,2908.572858
"2233",-4.89527721,55.48963235,1153.669087
"2234",-4.87975524,55.48778852,762.48396
"2235",-4.86427785,55.48586445,444.82329
"2236",-4.84896833,55.48375,530.952743
"2237",-4.83372167,55.48123167,201.409242
"2238",-4.81902613,55.47816483,303.698785
"2239",-4.80405914,55.47537876,626.07555
"2240",-4.78855667,55.47345125,464.000386
"2241",-4.77319667,55.47144,501.176604
"2242",-4.757765,55.46941667,1050.587569
"2243",-4.74246,55.467255,42.066028
"2244",-4.72804203,55.46645028,0
"2245",-4.71627992,55.55532834,0
"2246",-4.72772339,55.54973072,0
"2247",-4.73734479,55.54256167,85.419635
"2248",-4.74695045,55.53536003,0
"2249",-4.749,55.526985,0
"2250",-4.746255,55.51812833,2752.094157
"2251",-4.74331727,55.50925743,312.204342
"2252",-4.74052319,55.50039412,446.580348
"2253",-4.73762189,55.49151253,0
"2254",-4.7347494,55.48268944,127.237963
"2255",-4.73194397,55.47381459,0
"2256",-4.72915678,55.46504035,0
"2257",-4.74151925,55.46110526,0
"2258",-4.75686628,55.4588438,151.690759
"2259",-4.77219659,55.45663553,718.673837
"2260",-4.78737575,55.45403517,282.695085
"2261",-4.80262778,55.45156983,302.582783
"2262",-4.81798667,55.44929167,747.425402
"2263",-4.83338743,55.44711157,1554.886775
"2264",-4.84865669,55.44466313,738.898595
"2265",-4.86376,55.442105,471.823567
"2266",-4.878955,55.43946667,1573.417287
"2267",-4.8943547,55.43716751,1939.162431
"2268",-4.90977447,55.43507877,2289.311028
"2269",-4.92522769,55.43312099,3337.856059
"2270",-4.9424,55.43092667,1862.357349
"2271",-4.9389116,55.43058501,5961.934721
"2272",-4.93654142,55.42505782,1866.08184
"2273",-4.92328403,55.42009449,887.369465
"2274",-4.91009,55.41510833,1611.541144
"2275",-4.896905,55.41012333,2749.648243
"2276",-4.88363377,55.40519193,724.887718
"2277",-4.8700852,55.40054413,1043.906821
"2278",-4.85655,55.39587,899.966215
"2279",-4.84307891,55.39110873,3943.374289
"2280",-4.82968363,55.38632689,637.232235
"2281",-4.81633167,55.38146833,12.356952
"2282",-4.82040008,55.37752,0
"2283",-4.83617335,55.37825929,17.123544
"2284",-4.85194443,55.37906286,1416.488492
"2285",-4.86772797,55.37973992,2291.471678
"2286",-4.88357,55.38011333,2735.007904
"2287",-4.89938833,55.38037578,1015.187784
"2288",-4.91521344,55.38054,664.647617
"2289",-4.93106,55.38064333,1167.087073
"2290",-4.94695154,55.38060272,1295.51957
"2291",-4.96274306,55.38041725,1848.659386
"2292",-4.9785641,55.38055351,453.828755
"2293",-4.994435,55.380715,217.645309
"2294",-5.01016714,55.38119632,186.162922
"2295",-5.02601207,55.38203251,271.919587
"2296",-5.04172842,55.38305794,703.669593
"2297",-5.04074018,55.37734172,921.269898
"2298",-5.02627877,55.37356085,14.102215
"2299",-5.01179353,55.36996794,477.694494
"2300",-4.99738535,55.36636566,1645.300574
"2301",-4.98301749,55.36262915,519.899657
"2302",-4.968845,55.35860333,1160.075276
"2303",-4.95454908,55.35472524,2431.542668
"2304",-4.94013854,55.35098931,2310.28733
"2305",-4.92568926,55.34740422,3260.074966
"2306",-4.91011816,55.34363815,2971.274273
"2307",-4.91262102,55.34231906,348.15081
"2308",-4.8974222,55.33890874,2044.399204
"2309",-4.8828635,55.33544475,55.136827
"2310",-4.86878987,55.33140139,10.559275
"2311",-4.86388667,55.32577167,0
"2312",-4.87811947,55.32178214,94.411137
"2313",-4.89296823,55.31883741,799.616651
"2314",-4.90821605,55.31641254,871.800038
"2315",-4.92342553,55.31403979,2635.197091
"2316",-4.93867788,55.31153659,3525.284653
"2317",-4.95349485,55.30851874,5017.986102
"2318",-4.968465,55.30556167,3166.706554
"2319",-4.98340003,55.30278041,1215.911425
"2320",-4.99846832,55.29992624,1111.200217
"2321",-5.01342333,55.29701333,3723.582551
"2322",-5.02836159,55.29415668,5576.536549
"2323",-5.0434916,55.29121069,5678.757029
"2324",-5.03591731,55.28543568,1375.525928
"2325",-5.02253167,55.28069667,4985.155075
"2326",-5.00880361,55.27622943,2972.769556
"2327",-4.995035,55.27181222,408.742093
"2328",-4.98130717,55.26735633,245.17519
"2329",-4.96758952,55.26298239,631.073318
"2330",-4.95378376,55.2585868,2274.082036
"2331",-4.9400456,55.2542664,3.190588
"2332",-4.93657724,55.24823394,317.442161
"2333",-4.94833,55.24244167,0
"2334",-4.96309512,55.2393454,0
"2335",-4.97802313,55.23638493,606.053969
"2336",-4.99335407,55.2343166,751.404357
"2337",-5.00871986,55.2322321,166.387638
"2338",-5.02418088,55.23063694,503.779903
"2339",-5.03974239,55.22925584,0
"2340",-5.05532667,55.22791,2897.802252
"2341",-5.07088465,55.22647613,409.301958
"2342",-5.08640377,55.2250429,333.471936
"2343",-5.10207658,55.22369628,1102.784361
"2344",-5.11764301,55.22214245,1359.420752
"2345",-5.13301667,55.22009667,368.93027
"2346",-5.14820343,55.2179141,2171.324817
"2347",-5.16312397,55.21517713,1057.862167
"2348",-5.15106833,55.21026833,391.09328
"2349",-5.13719435,55.20597867,486.10203
"2350",-5.12332761,55.20167694,1361.448747
"2351",-5.10955167,55.19733667,555.68349
"2352",-5.09585965,55.19291592,0.396643
"2353",-5.08226662,55.18840265,30.887125
"2354",-5.06875667,55.18385,5.786672
"2355",-5.05521243,55.17926425,47.020883
"2356",-5.04541466,55.17331841,0
"2357",-5.04291763,55.13024552,0
"2358",-5.03368391,55.14042694,0
"2359",-5.02686172,55.14859378,0
"2360",-5.01999212,55.15676269,0
"2361",-5.02548216,55.16273223,2.093987
"2362",-5.04111722,55.1611854,0
"2363",-5.0566512,55.15975802,123.692287
"2364",-5.07232333,55.15854833,109.662934
"2365",-5.08781711,55.15724745,79.049674
"2366",-5.10351422,55.15604223,10.991864
"2367",-5.11898012,55.15470224,81.02265
"2368",-5.13439813,55.15276951,90.963044
"2369",-5.14975582,55.15087681,327.761869
"2370",-5.16520069,55.14909033,2835.419517
"2371",-5.1725215,55.14593387,16.721889
"2372",-5.15760184,55.14291838,76.356889
"2373",-5.14341167,55.13912667,61.399596
"2374",-5.12914037,55.1352747,317.219373
"2375",-5.11490275,55.1314608,321.695199
"2376",-5.10056273,55.12766892,164.425063
"2377",-5.08627667,55.12396,192.669645
"2378",-5.07200891,55.12015945,0
"2379",-5.05781805,55.11632711,0
"2380",-5.04566185,55.11179818,0
"2381",-5.06095055,55.11021465,0
"2382",-5.076655,55.10941667,0
"2383",-5.09233417,55.10890396,0
"2384",-5.10803298,55.10842299,588.601182
"2385",-5.12372293,55.10790836,55.824969
"2386",-5.13941567,55.10737277,502.503351
"2387",-5.15510114,55.10684069,319.988394
"2388",-5.17074665,55.10626323,404.897141
"2389",-5.18639101,55.10505944,1635.175587
"2390",-5.20200441,55.10433333,3850.712811
"2391",-5.19921043,55.09858553,0
"2392",-5.1908978,55.09759261,825.457919
"2393",-5.17700913,55.0934178,88.510795
"2394",-5.16318033,55.08920628,0
"2395",-5.149375,55.08485083,13.677775
"2396",-5.13680209,55.07941947,2.53617
"2397",-5.12430167,55.074005,15.575852
"2398",-5.1118506,55.06855458,0
"2399",-5.0984579,55.0638527,0
"2400",-5.08462844,55.05965571,0
"2401",-5.08707333,55.05467667,0
"2402",-5.10260884,55.05311469,0
"2403",-5.11808239,55.05150303,0
"2404",-5.1335913,55.04993748,0
"2405",-5.14903485,55.04839923,0
"2406",-5.16454398,55.04682709,0
"2407",-5.17973307,55.04467898,2096.113081
"2408",-5.19477454,55.04206146,2.28146
"2409",-5.20970347,55.0394859,4266.880848
"2410",-5.22492215,55.037138,2242.337144
"2411",-5.240295,55.03526167,57.639525
"2412",-5.25121989,55.04006031,181.981658
"2413",-5.25606093,55.04865568,42.545749
"2414",-5.26077955,55.05720924,27.419951
"2415",-5.265533,55.06581477,96.594588
"2416",-5.27022643,55.0743889,32.989594
"2417",-5.27456825,55.08302484,2186.408722
"2418",-5.27833,55.09173167,2412.255928
"2419",-5.28180931,55.10051889,524.35843
"2420",-5.28536449,55.10929123,1304.205095
"2421",-5.28897298,55.11801943,211.895043
"2422",-5.292585,55.12675333,325.868353
"2423",-5.29612167,55.13552167,429.599893
"2424",-5.29978985,55.14424598,713.364531
"2425",-5.29826591,55.15220538,237.610686
"2426",-5.28641261,55.1581562,258.023818
"2427",-5.27436338,55.16393471,1599.948887
"2428",-5.26225572,55.16971827,286.973725
"2429",-5.25024047,55.17553162,270.178347
"2430",-5.23834177,55.18136207,49.781711
"2431",-5.22637333,55.187235,322.990751
"2432",-5.21456086,55.19326614,156.928328
"2433",-5.20273616,55.19914789,545.310846
"2434",-5.19066485,55.20495741,1631.855652
"2435",-5.17883333,55.21085,4784.88535
"2436",-5.17331414,55.21791624,685.072119
"2437",-5.18649306,55.22299971,263.47428
"2438",-5.19954997,55.22803851,531.198261
"2439",-5.21217958,55.23342367,834.206947
"2440",-5.22474333,55.238835,2981.264834
"2441",-5.23748167,55.24419333,334.102344
"2442",-5.25021346,55.2495195,110.248553
"2443",-5.26314594,55.25463471,165.284286
"2444",-5.27631167,55.25959167,46.270413
"2445",-5.28948121,55.26469747,51.152566
"2446",-5.30261077,55.26953675,14.202309
"2447",-5.29668284,55.27248905,4.931715
"2448",-5.28106,55.27109129,45.090933
"2449",-5.26543333,55.26986833,222.82677
"2450",-5.24980833,55.26856667,1459.16268
"2451",-5.23424732,55.26721341,161.079149
"2452",-5.21871109,55.26575689,557.174159
"2453",-5.20308845,55.26437867,94.054149
"2454",-5.18747698,55.26316068,93.501323
"2455",-5.17826126,55.25965631,76.358827
"2456",-5.19148641,55.25478895,2823.180178
"2457",-5.20513961,55.25033902,2687.995257
"2458",-5.21874587,55.24585285,690.402736
"2459",-5.23238,55.2412793,1193.118948
"2460",-5.24587667,55.23661833,211.186928
"2461",-5.25956254,55.23212457,135.108361
"2462",-5.27322553,55.22765388,221.239401
"2463",-5.28684423,55.22315907,29.988652
"2464",-5.30066679,55.21875781,0.476805
"2465",-5.30377772,55.2120349,8.251013
"2466",-5.29171064,55.20616383,23.795767
"2467",-5.27980855,55.200316,269.599884
"2468",-5.267915,55.19441,610.915885
"2469",-5.25598198,55.18852699,1170.83193
"2470",-5.24414727,55.18259505,420.718366
"2471",-5.23243333,55.17659167,75.098982
"2472",-5.22090013,55.17047801,125.13411
"2473",-5.20934683,55.16442268,234.986634
"2474",-5.19763221,55.15835876,97.926135
"2475",-5.18631168,55.15220578,75.549751
"2476",-5.19427833,55.14500667,17.615046
"2477",-5.20686571,55.13956596,2704.817003
"2478",-5.21942102,55.13422159,2084.886362
"2479",-5.23241599,55.12914633,1013.14789
"2480",-5.24543939,55.12409321,277.88926
"2481",-5.25833747,55.11894873,115.522402
"2482",-5.27161413,55.11425251,236.428047
"2483",-5.28593167,55.11049667,667.799073
"2484",-5.29940809,55.10650103,254.511636
"2485",-5.28996599,55.09992897,142.850201
"2486",-5.27569413,55.09623933,275.930351
"2487",-5.26075667,55.09336667,744.403202
"2488",-5.24612,55.090115,278.30776
"2489",-5.23139913,55.08689536,794.996677
"2490",-5.21668347,55.08369294,2334.19253
"2491",-5.2017444,55.08472684,4601.681574
"2492",-5.18678937,55.08751989,3.551107
"2493",-5.17199085,55.09045027,0
"2494",-5.15725978,55.09365891,0
"2495",-5.14257026,55.09679134,0
"2496",-5.128255,55.10044,319.301227
"2497",-5.11434533,55.1046054,183.083463
"2498",-5.10065867,55.10878425,294.504426
"2499",-5.08674803,55.11301114,146.314377
"2500",-5.07291501,55.11721493,0
"2501",-5.05854833,55.12160167,0
"2502",-5.044995,55.12792167,0
"2503",-5.04518484,55.12968835,0
"2504",-5.06379045,55.1252194,0
"2505",-5.07791333,55.12135,180.823437
"2506",-5.09192247,55.11720459,534.074618
"2507",-5.10589507,55.11310055,353.156672
"2508",-5.11984056,55.10897869,526.03752
"2509",-5.13370366,55.1047912,83.302197
"2510",-5.14764833,55.100605,9.872252
"2511",-5.16163022,55.09647055,38.158016
"2512",-5.17564477,55.09236323,2.54535
"2513",-5.18967667,55.08835,57.411073
"2514",-5.20375243,55.08430878,8282.454224
"2515",-5.21786921,55.08038783,818.630689
"2516",-5.23199235,55.07646488,758.571809
"2517",-5.2464755,55.07317056,602.21271
"2518",-5.26186333,55.07150333,236.962446
"2519",-5.27733606,55.06993261,1027.072749
"2520",-5.29286229,55.06842585,266.5081
"2521",-5.3077645,55.06580206,299.043802
"2522",-5.32325519,55.06532833,222.046004
"2523",-5.33902,55.06542667,324.072885
"2524",-5.35469908,55.06545167,4.368923
"2525",-5.37037811,55.065405,19.018998
"2526",-5.38608701,55.06540295,64.01076
"2527",-5.40183283,55.06540833,363.256186
"2528",-5.417585,55.06541,72.133442
"2529",-5.43327325,55.065485,230.218652
"2530",-5.44898678,55.06562408,33.987401
"2531",-5.46472499,55.06554848,120.427126
"2532",-5.48035791,55.06512018,144.635293
"2533",-5.49593804,55.06493482,35.097046
"2534",-5.50930333,55.06734333,92.921354
"2535",-5.51135,55.076365,1.381635
"2536",-5.50459479,55.0830786,102.325283
"2537",-5.48912776,55.0835,50.65545
"2538",-5.47344383,55.08343667,82.921473
"2539",-5.45773249,55.08330333,613.521358
"2540",-5.44201833,55.08326167,57.861845
"2541",-5.42630991,55.08319167,334.136873
"2542",-5.41067001,55.08355484,56.815632
"2543",-5.39493389,55.08382667,233.186776
"2544",-5.37932966,55.08380333,20.597149
"2545",-5.36364833,55.08365667,39.899616
"2546",-5.34789499,55.08367823,147.140272
"2547",-5.3321918,55.08366167,609.372566
"2548",-5.31643887,55.083665,199.187271
"2549",-5.30103102,55.08372726,256.468678
"2550",-5.2954306,55.09118521,952.099233
"2551",-5.29686733,55.1002872,1719.315344
"2552",-5.31021032,55.10290139,320.9947
"2553",-5.32597176,55.10334,37.266589
"2554",-5.3415445,55.10302,91.443667
"2555",-5.35725846,55.10290167,93.028494
"2556",-5.37302325,55.10289167,0
"2557",-5.38879566,55.10297833,5.780059
"2558",-5.40447333,55.10307333,23.313721
"2559",-5.42018155,55.10311246,298.6867
"2560",-5.43593674,55.10296698,326.941512
"2561",-5.45167001,55.1029455,77.90619
"2562",-5.46739581,55.10304743,33.838134
"2563",-5.48306107,55.10322333,213.882018
"2564",-5.49876298,55.10333979,149.790185
"2565",-5.51181167,55.1071,39.411622
"2566",-5.51391667,55.11533333,75.850414
"2567",-5.5026133,55.12042433,77.907476
"2568",-5.48703502,55.12050167,351.580898
"2569",-5.47138833,55.12020833,365.622549
"2570",-5.45565608,55.12011497,485.876706
"2571",-5.43990314,55.1206789,573.1271
"2572",-5.42138333,55.12112167,0.927994
"2573",-5.41321021,55.12143667,0
"2574",-5.41130974,55.12165337,9.780001
"2575",-5.395681,55.12111068,77.227446
"2576",-5.37987509,55.12119331,84.959965
"2577",-5.36421,55.12123333,848.126739
"2578",-5.34848333,55.121205,223.170377
"2579",-5.33276995,55.12122853,312.970756
"2580",-5.3170494,55.12130833,444.329137
"2581",-5.30127765,55.12135667,186.497814
"2582",-5.29593771,55.12801582,730.417698
"2583",-5.3040875,55.13437701,57.72696
"2584",-5.31975924,55.13465433,40.969965
"2585",-5.33549523,55.13486315,607.439101
"2586",-5.35121984,55.13505796,954.934901
"2587",-5.36692823,55.13530509,521.719767
"2588",-5.382615,55.135525,184.893058
"2589",-5.3984128,55.13554459,160.31572
"2590",-5.41414291,55.1357,2.531124
"2591",-5.42985286,55.13577667,0
"2592",-5.44559124,55.13587167,248.702176
"2593",-5.46139687,55.13595479,189.109156
"2594",-5.47707616,55.13617731,475.253164
"2595",-5.49278324,55.13615175,431.975225
"2596",-5.50831906,55.13658608,33.527236
"2597",-5.51290654,55.14466321,23.941227
"2598",-5.50440821,55.151265,444.520405
"2599",-5.48868529,55.15144344,111.782451
"2600",-5.47304038,55.15140508,11.289561
"2601",-5.45726167,55.15139,6.620951
"2602",-5.4414646,55.15136663,129.171084
"2603",-5.42582123,55.15132024,953.875114
"2604",-5.41003051,55.15129881,4220.987974
"2605",-5.39434698,55.15125092,1507.492537
"2606",-5.37861313,55.15117,2105.313638
"2607",-5.36287979,55.15104058,1557.207306
"2608",-5.34714543,55.15100667,2117.898048
"2609",-5.33141417,55.150923,595.404287
"2610",-5.3156385,55.15081833,2034.06236
"2611",-5.29997,55.15131167,982.868741
"2612",-5.2950832,55.15929932,1931.386114
"2613",-5.30319769,55.16598,824.896293
"2614",-5.31890444,55.16682333,2112.946865
"2615",-5.334575,55.16697,268.918366
"2616",-5.35031884,55.16677702,223.450779
"2617",-5.36606126,55.16642593,71.155102
"2618",-5.38177366,55.16642847,36.224651
"2619",-5.39757252,55.16661142,30.428995
"2620",-5.4132573,55.16677667,23.415325
"2621",-5.42898761,55.16678035,91.648612
"2622",-5.44477397,55.16653618,94.883972
"2623",-5.46051904,55.16625667,162.317639
"2624",-5.47621049,55.16621728,90.740858
"2625",-5.49189944,55.16616455,39.410287
"2626",-5.49993667,55.17049667,145.186626
"2627",-5.49852137,55.17946854,52.977914
"2628",-5.49743286,55.18843592,19.961719
"2629",-5.49656776,55.19734857,0
"2630",-5.49553479,55.20624458,0
"2631",-5.49440665,55.21521672,1.135949
"2632",-5.49345833,55.22417067,0
"2633",-5.4933478,55.23313379,0
"2634",-5.49328684,55.24205071,0
"2635",-5.49317167,55.251005,58.325206
"2636",-5.49263554,55.25994279,0.031844
"2637",-5.49191237,55.26889976,0
"2638",-5.49090044,55.2778568,0
"2639",-5.49013901,55.286811,1.158787
"2640",-5.489935,55.29581833,0
"2641",-5.49005919,55.304798,0
"2642",-5.48916167,55.31376667,0
"2643",-5.48983167,55.32271,0
"2644",-5.49087493,55.33165309,0
"2645",-5.4917795,55.3406219,0
"2646",-5.49280568,55.34961714,0
"2647",-5.49382871,55.35856447,0
"2648",-5.49508873,55.3675349,0
"2649",-5.49292833,55.38349167,0
"2650",-5.47853167,55.38010167,0
"2651",-5.46373292,55.37722282,6.352214
"2652",-5.44867004,55.37415454,0
"2653",-5.43383152,55.37111697,104.696484
"2654",-5.41926666,55.36767416,1054.61312
"2655",-5.40476525,55.36399525,128.612013
"2656",-5.39022667,55.36045333,65.292132
"2657",-5.37534167,55.35733833,163.609531
"2658",-5.360665,55.35407667,24.26512
"2659",-5.34587885,55.35088797,128.154422
"2660",-5.33100776,55.34779869,212.177569
"2661",-5.31610008,55.34471872,360.959203
"2662",-5.30143152,55.34153032,2921.054482
"2663",-5.28657309,55.3384999,2725.805004
"2664",-5.27635766,55.33410231,2242.055857
"2665",-5.28937812,55.32918145,325.563292
"2666",-5.30247289,55.32422973,345.699446
"2667",-5.31559962,55.31917201,72.501461
"2668",-5.32884833,55.31423,1.829884
"2669",-5.342169,55.30940872,266.420919
"2670",-5.3552931,55.30444363,197.785606
"2671",-5.36845583,55.29945395,104.32499
"2672",-5.38156034,55.29451364,24.781367
"2673",-5.39485493,55.28957261,136.595356
"2674",-5.407895,55.28451167,11.781838
"2675",-5.42090728,55.27936648,9.464521
"2676",-5.43415457,55.27443509,0
"2677",-5.44722892,55.2694948,27.418504
"2678",-5.46038272,55.26457033,0
"2679",-5.47349421,55.25946974,0
"2680",-5.48631323,55.25433492,18.228972
"2681",-5.49988,55.24964,5.292838
"2682",-5.51362521,55.24512438,7.38971
"2683",-5.52680272,55.24022012,40.722248
"2684",-5.54004366,55.23527797,139.67141
"2685",-5.55315833,55.23035667,83.920305
"2686",-5.56260621,55.22455623,0
"2687",-5.55151167,55.21829667,0
"2688",-5.53958457,55.2124781,2.596305
"2689",-5.52763956,55.20659039,10.769335
"2690",-5.51613672,55.20045336,11.251654
"2691",-5.50461997,55.1941362,7.443785
"2692",-5.4928,55.188315,4.362909
"2693",-5.48065259,55.18275182,5.463566
"2694",-5.46890968,55.17680286,58.778943
"2695",-5.45758746,55.17064049,123.660348
"2696",-5.4463603,55.16428424,88.543288
"2697",-5.43519333,55.15798667,28.318171
"2698",-5.42397837,55.15163241,120.844349
"2699",-5.41286833,55.14541167,0
"2700",-5.40163136,55.13912292,0
"2701",-5.39378544,55.14187193,33.232156
"2702",-5.39138851,55.15081097,283.773986
"2703",-5.38857,55.15960333,84.512873
"2704",-5.38357569,55.16808431,118.791516
"2705",-5.37481903,55.17553744,15.627783
"2706",-5.36528742,55.18260642,43.847482
"2707",-5.3551347,55.18943823,12.590381
"2708",-5.34448887,55.1960629,5.755369
"2709",-5.33399302,55.20275743,17.158187
"2710",-5.3235527,55.20943589,209.907043
"2711",-5.32224658,55.21626998,21.045267
"2712",-5.3363521,55.22049552,128.876848
"2713",-5.35021661,55.22489563,152.438741
"2714",-5.36369095,55.22944198,349.313424
"2715",-5.37719292,55.23414083,379.819782
"2716",-5.39059167,55.23876167,1108.685771
"2717",-5.40421564,55.24340355,365.587433
"2718",-5.41774455,55.24805352,69.552742
"2719",-5.43108971,55.25276037,9.453397
"2720",-5.4445768,55.25744324,0
"2721",-5.45804,55.26214,2.27258
"2722",-5.47115774,55.26702569,0
"2723",-5.48425642,55.2720638,0
"2724",-5.49761873,55.27696983,0
"2725",-5.5106676,55.28184703,3.280517
"2726",-5.52406667,55.28672333,0
"2727",-5.53748997,55.29145547,0
"2728",-5.55090464,55.2965225,0
"2729",-5.54105774,55.30145703,0
"2730",-5.52631271,55.30441135,0
"2731",-5.5114485,55.3076306,0
"2732",-5.49718049,55.31137763,0
"2733",-5.48290979,55.31519922,3.771779
"2734",-5.46865508,55.31893378,3.905873
"2735",-5.45407869,55.32248112,0
"2736",-5.43965454,55.32606023,22.541195
"2737",-5.42539887,55.3298658,7.907458
"2738",-5.411185,55.33377,22.090091
"2739",-5.39671902,55.3373389,35.817755
"2740",-5.38200927,55.34074354,1588.655636
"2741",-5.3674382,55.34408075,552.583118
"2742",-5.35306143,55.34778055,3083.436151
"2743",-5.36172314,55.34504856,35.902035
"2744",-5.34918648,55.35060022,624.267165
"2745",-5.33485667,55.354375,118.652733
"2746",-5.32017833,55.357695,1195.181229
"2747",-5.30526835,55.36090052,2609.518948
"2748",-5.29055953,55.36408418,4454.519513
"2749",-5.28363894,55.36837245,689.092162
"2750",-5.29893696,55.37104199,1252.4302
"2751",-5.31402,55.37376,2096.031277
"2752",-5.3289784,55.37667216,759.43102
"2753",-5.34379399,55.37971923,208.544622
"2754",-5.3587166,55.38282832,7105.709399
"2755",-5.3736099,55.38598248,1198.186373
"2756",-5.38839854,55.38920333,115.891642
"2757",-5.40325335,55.392309,0
"2758",-5.4180662,55.39543944,985.472
"2759",-5.43279667,55.39865833,6473.675645
"2760",-5.44770524,55.40182041,208.892482
"2761",-5.46256392,55.40478794,173.711336
"2762",-5.47745688,55.4078201,801.32366
"2763",-5.49228667,55.410985,108.402061
"2764",-5.5068045,55.41452744,34.112569
